,City,Cloudiness,Country,Date,Humidity,Lat,Lng,Max Temp,Wind Speed
0,mayumba,98,GA,1575059579,77,-3.44,10.65,81.21,10.31
1,butaritari,34,KI,1575059579,66,3.07,172.79,83.28,1.86
2,cape town,75,ZA,1575059458,60,-33.93,18.42,69.01,6.93
3,severo-kurilsk,89,RU,1575059579,86,50.68,156.12,20.28,22.39
4,vaini,67,IN,1575059579,79,15.34,74.49,68.83,8.41
5,hermanus,20,ZA,1575059579,82,-34.42,19.24,66.99,14.85
6,punta arenas,75,CL,1575059579,61,-53.16,-70.91,50.0,9.17
7,marawi,98,PH,1575059579,93,8.0,124.29,75.99,5.01
8,labuhan,100,ID,1575059579,89,-2.54,115.51,74.52,1.05
9,hobart,20,AU,1575059404,87,-42.88,147.33,48.0,8.05
10,mahudha,3,IN,1575059580,77,22.82,72.94,69.8,3.36
11,hithadhoo,100,MV,1575059580,79,-0.6,73.08,78.62,8.5
12,port hardy,20,CA,1575059580,64,50.7,-127.42,35.6,2.24
13,waingapu,82,ID,1575059580,74,-9.65,120.26,83.44,8.46
14,arraial do cabo,75,BR,1575059580,69,-22.97,-42.02,75.2,9.17
15,ponta do sol,91,BR,1575059580,87,-20.63,-46.0,73.38,1.63
16,bluff,16,AU,1575059580,75,-23.58,149.07,71.62,8.23
17,sabzevar,0,IR,1575059580,50,36.21,57.68,44.8,1.41
18,kaitangata,0,NZ,1575059580,82,-46.28,169.85,51.67,14.94
19,bredasdorp,81,ZA,1575059580,72,-34.53,20.04,64.4,4.7
20,borgarnes,75,IS,1575059580,95,64.54,-21.92,32.0,5.82
21,kununurra,100,AU,1575059580,88,-15.77,128.74,80.6,4.7
22,upernavik,100,GL,1575059581,94,72.79,-56.15,21.72,9.26
23,jamestown,35,AU,1575059581,85,-33.21,138.6,49.66,10.96
24,bourail,0,NC,1575059581,52,-21.57,165.5,75.96,4.25
25,provideniya,100,RU,1575059581,90,64.42,-173.23,21.0,27.34
26,sao filipe,0,CV,1575059581,83,14.9,-24.5,72.91,13.71
27,thompson,75,CA,1575059581,84,55.74,-97.86,3.2,2.24
28,kansanshi,100,ZM,1575059581,98,-12.1,26.43,63.21,1.79
29,yellowknife,75,CA,1575059306,85,62.45,-114.38,15.01,4.7
30,chabahar,0,IR,1575059435,67,25.29,60.65,62.6,4.85
31,rikitea,100,PF,1575059582,74,-23.12,-134.97,78.08,5.64
32,aklavik,90,CA,1575059582,92,68.22,-135.01,21.2,5.82
33,cherskiy,100,RU,1575059582,96,68.75,161.3,-9.24,10.65
34,armidale,94,AU,1575059582,54,-30.51,151.67,70.92,12.48
35,kodiak,90,US,1575059582,93,39.95,-94.76,37.99,9.17
36,ledyard,1,US,1575059582,51,41.44,-72.02,43.0,17.22
37,saskylakh,100,RU,1575059582,98,71.97,114.09,-27.04,11.27
38,lorengau,40,PG,1575059582,70,-2.02,147.27,83.64,8.34
39,le port,100,FR,1575059582,94,42.87,1.37,48.99,1.1
40,hamilton,75,CA,1575059345,68,43.26,-79.87,33.01,5.23
41,qaqortoq,75,GL,1575059583,49,60.72,-46.03,24.8,4.7
42,victoria,75,BN,1575059583,94,5.28,115.24,77.0,9.73
43,kapaa,75,US,1575059583,61,22.08,-159.32,80.6,12.75
44,ushuaia,40,AR,1575059583,73,-54.81,-68.31,48.2,21.92
45,san patricio,0,PY,1575059583,47,-26.98,-56.83,91.24,3.96
46,port alfred,100,ZA,1575059583,90,-33.59,26.89,68.0,5.01
47,novopavlovka,90,KG,1575059583,91,42.87,74.49,3.2,2.24
48,napier,57,NZ,1575059583,84,-39.49,176.92,62.01,1.99
49,mataura,0,NZ,1575059583,69,-46.19,168.86,59.04,0.4
50,anastacio,61,BR,1575059583,42,-20.48,-55.81,92.5,3.87
51,nikolskoye,90,RU,1575059583,93,59.7,30.79,36.0,8.95
52,grand-lahou,57,CI,1575059583,78,5.24,-5.0,83.01,13.94
53,busselton,0,AU,1575059583,43,-33.64,115.35,52.0,12.46
54,missoula,90,US,1575059403,78,46.87,-114.0,17.01,1.14
55,monterey,75,US,1575059584,57,36.6,-121.89,54.0,5.82
56,klaksvik,99,FO,1575059644,68,62.23,-6.59,35.6,12.75
57,barrow,0,AR,1575059644,16,-38.31,-60.23,77.41,20.42
58,torbay,90,CA,1575059644,100,47.66,-52.73,39.2,4.97
59,dire,75,ET,1575059644,76,9.18,38.92,57.2,13.87
60,harper,90,US,1575059644,93,30.3,-99.24,70.0,9.17
61,elk city,90,US,1575059399,100,35.41,-99.4,44.6,6.93
62,bethel,90,US,1575059644,84,60.79,-161.76,14.0,7.85
63,kargil,100,PK,1575059644,86,34.56,76.13,0.93,6.06
64,inhambane,0,MZ,1575059644,78,-23.87,35.38,78.8,11.41
65,katsuura,75,JP,1575059645,70,33.93,134.5,48.2,11.41
66,padang,86,ID,1575059645,95,-0.92,100.36,68.59,4.05
67,albany,75,US,1575059359,59,42.65,-73.75,37.0,16.11
68,avarua,95,CK,1575059645,69,-21.21,-159.78,80.6,12.75
69,kazachinskoye,100,RU,1575059645,93,57.69,93.28,8.8,8.52
70,cap malheureux,75,MU,1575059645,94,-19.98,57.61,77.0,8.61
71,pevek,100,RU,1575059645,94,69.7,170.27,-0.24,8.5
72,ngunguru,20,NZ,1575059645,78,-35.62,174.5,70.0,1.99
73,vista hermosa,75,MX,1575059645,59,14.92,-92.27,91.4,8.05
74,mayo,90,CA,1575059645,85,63.59,-135.9,15.8,3.69
75,kholm,5,AF,1575059645,41,36.69,67.7,42.8,3.36
76,vestmannaeyjar,0,IS,1575059645,75,63.44,-20.27,35.29,7.87
77,arzamas,96,RU,1575059645,91,55.4,43.84,30.31,12.5
78,leshukonskoye,100,RU,1575059645,99,64.9,45.76,35.53,11.05
79,saldanha,100,PT,1575059646,97,41.42,-6.55,53.04,6.67
80,ribeira grande,20,PT,1575059646,87,38.52,-28.7,60.8,3.36
81,nemuro,33,JP,1575059646,67,43.32,145.57,29.97,15.12
82,pisco,40,PE,1575059646,30,-13.71,-76.2,73.0,6.93
83,port blair,36,IN,1575059596,77,11.67,92.75,83.28,17.67
84,wanaka,62,NZ,1575059646,67,-44.7,169.14,61.0,5.59
85,neiafu,75,TO,1575059646,78,-18.65,-173.98,77.0,9.53
86,dikson,100,RU,1575059646,97,73.51,80.55,-3.03,2.39
87,iqaluit,75,CA,1575059646,73,63.75,-68.52,21.2,3.36
88,mwinilunga,100,ZM,1575059646,95,-11.73,24.43,64.92,1.07
89,qom,0,IR,1575059646,67,34.64,50.88,49.41,2.95
90,isangel,11,VU,1575059646,88,-19.55,169.27,64.4,3.36
91,llanes,100,ES,1575059646,86,43.42,-4.75,55.0,9.28
92,erenhot,0,CN,1575059646,46,43.65,111.97,16.83,23.69
93,margate,20,AU,1575059647,87,-43.03,147.26,48.0,8.05
94,new norfolk,20,AU,1575059647,87,-42.78,147.06,48.0,8.05
95,esperance,90,AU,1575059647,62,-33.86,121.89,53.6,6.93
96,faanui,99,PF,1575059647,76,-16.48,-151.75,81.64,10.45
97,atuona,17,PF,1575059647,69,-9.8,-139.03,79.16,18.12
98,hilo,90,US,1575059647,100,19.71,-155.08,75.0,11.41
99,olden,90,NO,1575059647,74,61.84,6.81,35.6,5.82
100,port elizabeth,1,US,1575059647,41,39.31,-74.98,46.0,10.29
101,chokurdakh,0,RU,1575059647,91,70.62,147.9,-22.13,8.41
102,tuktoyaktuk,75,CA,1575059648,92,69.44,-133.03,17.6,12.75
103,qaanaaq,100,GL,1575059648,96,77.48,-69.36,4.42,7.81
104,kati,11,ML,1575059648,28,12.75,-8.07,82.4,6.93
105,savannah bight,99,HN,1575059648,72,16.45,-85.85,81.66,9.69
106,patacamaya,59,BO,1575059648,37,-17.23,-67.92,60.93,8.39
107,kruisfontein,32,ZA,1575059648,94,-34.0,24.73,58.1,5.66
108,show low,1,US,1575059648,93,34.25,-110.03,35.01,24.16
109,grand gaube,75,MU,1575059708,94,-20.01,57.66,77.0,8.61
110,jalu,0,LY,1575059708,59,29.03,21.55,60.53,5.82
111,santiago,100,PH,1575059598,96,16.69,121.54,64.15,1.14
112,bosobolo,100,CD,1575059708,83,4.19,19.88,74.25,2.53
113,souillac,82,FR,1575059708,100,45.6,-0.6,46.4,2.24
114,muisne,90,EC,1575059708,100,0.61,-80.02,68.0,9.17
115,antofagasta,20,CL,1575059708,63,-23.65,-70.4,66.2,16.11
116,tara,0,JP,1575059709,86,33.0,130.15,44.01,2.77
117,touros,40,BR,1575059709,65,-5.2,-35.46,82.4,14.99
118,chuy,0,UY,1575059709,57,-33.69,-53.46,78.51,6.67
119,ewo,15,CG,1575059709,82,-0.88,14.81,73.89,1.79
120,sawakin,33,SD,1575059709,78,19.1,37.33,80.37,11.88
121,laguna,75,BZ,1575059709,88,16.17,-88.94,80.6,4.7
122,birin,0,NP,1575059709,79,26.89,88.07,45.1,4.68
123,airai,36,TL,1575059709,72,-8.93,125.41,67.19,2.89
124,lavrentiya,100,RU,1575059709,82,65.58,-170.99,23.92,22.1
125,eyl,87,SO,1575059709,72,7.98,49.82,79.09,25.86
126,bathsheba,20,BB,1575059709,58,13.22,-59.52,87.8,4.7
127,carnarvon,47,ZA,1575059709,12,-30.97,22.13,69.76,8.5
128,kutum,40,SD,1575059709,20,14.2,24.66,62.96,4.29
129,coihaique,75,CL,1575059425,66,-45.58,-72.07,50.0,4.7
130,avigliana,0,IT,1575059710,93,45.08,7.4,48.0,4.7
131,chicama,99,PE,1575059710,73,-7.84,-79.15,71.6,10.29
132,college,90,US,1575059710,92,64.86,-147.8,26.6,3.6
133,puerto escondido,40,MX,1575059710,74,15.86,-97.07,86.0,10.29
134,rodna,100,RO,1575059710,83,47.42,24.82,41.0,5.99
135,longyearbyen,75,NO,1575059613,77,78.22,15.63,5.0,12.75
136,sola,54,TZ,1575059710,90,-3.17,33.8,63.32,3.42
137,kungurtug,100,RU,1575059710,82,50.6,97.53,-2.18,1.39
138,puertollano,75,ES,1575059710,87,38.69,-4.11,55.99,2.24
139,doha,0,QA,1575059710,69,25.29,51.53,73.4,0.94
140,beloha,5,MG,1575059710,79,-25.17,45.06,70.45,16.73
141,canmore,1,CA,1575059711,77,51.09,-115.35,15.01,3.36
142,manggar,78,ID,1575059711,65,-2.88,108.27,84.6,2.37
143,turukhansk,92,RU,1575059711,99,65.8,87.96,-29.31,3.2
144,manitouwadge,75,CA,1575059711,85,49.12,-85.84,21.2,9.17
145,clyde river,75,CA,1575059711,85,70.47,-68.59,14.0,14.99
146,placido de castro,100,BR,1575059711,56,-10.34,-67.19,83.62,5.35
147,san cristobal,43,HN,1575059711,49,14.68,-86.92,81.37,7.63
148,naze,40,NG,1575059711,88,5.43,7.07,78.8,3.36
149,mount gambier,37,AU,1575059711,100,-37.83,140.78,42.8,1.12
150,ilulissat,75,GL,1575059711,79,69.22,-51.1,26.6,11.41
151,cockburn town,40,TC,1575059711,61,21.46,-71.14,82.4,6.93
152,ekimchan,100,RU,1575059711,99,53.07,132.94,-17.7,1.83
153,grindavik,40,IS,1575059711,92,63.84,-22.43,32.0,14.99
154,botou,92,CN,1575059711,72,38.08,116.55,32.52,2.62
155,mahebourg,75,MU,1575059711,94,-20.41,57.7,77.0,3.87
156,hasaki,20,JP,1575059711,86,35.73,140.83,33.8,4.7
157,kholodnyy,0,RU,1575059712,84,62.72,147.95,-34.06,7.9
158,poum,40,MK,1575059712,76,41.28,20.71,50.0,6.93
159,bilibino,100,RU,1575059712,83,68.06,166.44,1.8,5.88
160,puerto quijarro,20,BO,1575059712,49,-19.0,-57.72,98.6,4.7
161,norman wells,90,CA,1575059712,85,65.28,-126.83,15.8,2.68
162,esna,40,RO,1575059712,76,45.2,27.57,48.2,9.17
163,caravelas,17,BR,1575059772,83,-17.73,-39.27,78.15,10.22
164,bambanglipuro,96,ID,1575059772,88,-7.95,110.28,75.99,4.52
165,loa janan,100,ID,1575059772,98,-0.58,117.09,74.1,1.16
166,bangkal,100,ID,1575059772,89,-2.61,115.39,74.52,1.05
167,carutapera,0,BR,1575059772,78,-1.2,-46.02,82.31,19.1
168,east london,75,ZA,1575059772,83,-33.02,27.91,69.8,8.05
169,uyuni,0,BO,1575059772,4,-20.46,-66.82,66.87,17.56
170,tilichiki,100,RU,1575059772,93,60.47,166.1,5.18,9.48
171,namie,0,JP,1575059772,76,37.52,140.86,37.99,7.0
172,ritchie,92,ZA,1575059772,18,-29.03,24.6,86.0,12.75
173,khandbari,0,NP,1575059773,69,27.38,87.21,37.85,5.26
174,ayan,18,IR,1575059773,87,38.23,44.7,29.37,9.71
175,aksarka,100,RU,1575059773,94,66.56,67.8,9.1,14.43
176,puerto ayora,75,EC,1575059773,57,-0.74,-90.35,80.6,13.87
177,clonakilty,75,IE,1575059773,87,51.62,-8.87,48.0,13.87
178,payson,90,US,1575059773,93,40.04,-111.73,36.0,9.17
179,cayenne,0,GF,1575059773,66,4.94,-52.33,86.0,9.17
180,jishu,100,CN,1575059773,58,44.29,126.79,13.69,4.83
181,skibbereen,75,IE,1575059773,87,51.55,-9.27,46.4,13.87
182,cabo san lucas,40,MX,1575059630,65,22.89,-109.91,82.4,13.87
183,nanga eboko,73,CM,1575059773,64,4.68,12.37,73.74,2.24
184,guerrero negro,100,MX,1575059773,56,27.97,-114.04,66.13,16.02
185,ovsyanka,46,RU,1575059773,97,53.58,126.91,-13.0,4.88
186,wajima,100,JP,1575059773,71,37.4,136.9,43.41,13.71
187,sao raimundo das mangabeiras,22,BR,1575059773,66,-7.02,-45.48,82.98,3.87
188,codrington,94,AU,1575059773,73,-28.95,153.24,77.0,6.04
189,miri,5,NG,1575059774,23,10.31,9.75,76.01,4.97
190,guangyuan,100,CN,1575059774,89,32.43,105.86,32.0,6.49
191,tarakan,98,ID,1575059774,87,3.3,117.63,78.33,5.75
192,griffith,100,AU,1575059774,48,-34.29,146.06,64.4,7.23
193,riberalta,75,BO,1575059774,78,-11.0,-66.08,82.4,2.73
194,bang mun nak,78,TH,1575059774,82,16.03,100.38,71.44,2.19
195,castro,90,CL,1575059774,87,-42.48,-73.76,51.8,8.05
196,tecoanapa,90,MX,1575059774,70,16.99,-99.26,87.8,9.17
197,opuwo,16,NA,1575059774,44,-18.06,13.84,75.22,5.86
198,havre-saint-pierre,90,CA,1575059775,63,50.23,-63.6,26.6,19.46
199,takoradi,57,GH,1575059775,81,4.89,-1.75,82.04,6.24
200,saint-philippe,1,CA,1575059775,58,45.36,-73.48,28.4,8.05
201,portland,1,US,1575059226,40,43.66,-70.25,37.99,16.11
202,san carlos de bariloche,40,AR,1575059775,53,-41.13,-71.31,51.8,38.03
203,karratha,0,AU,1575059776,79,-20.74,116.85,79.38,10.65
204,aketi,100,CD,1575059776,95,2.74,23.78,70.99,1.99
205,sabang,100,PH,1575059776,80,13.8,121.11,70.79,9.26
206,nuuk,90,GL,1575059776,92,64.17,-51.74,26.6,5.82
207,dombarovskiy,18,RU,1575059776,69,50.76,59.54,14.45,11.83
208,lebu,75,ET,1575059776,76,8.96,38.73,57.2,13.87
209,marshall,90,US,1575059776,100,39.12,-93.2,41.0,5.82
210,mar del plata,100,AR,1575059776,42,-46.43,-67.52,59.79,25.26
211,benjamin constant,75,BR,1575059776,78,-4.38,-70.03,86.0,8.05
212,oktyabrskiy,90,RU,1575059776,94,55.61,37.97,36.0,15.66
213,ayagoz,0,KZ,1575059776,71,47.96,80.43,3.43,2.08
214,kimbe,78,PG,1575059776,79,-5.56,150.15,76.62,2.64
215,vityazevo,75,RU,1575059776,87,44.99,37.26,57.2,13.42
216,tura,100,RU,1575059776,97,64.27,100.22,-4.5,5.17
217,balakhninskiy,98,RU,1575059776,98,58.01,114.28,-2.38,2.42
218,byron bay,85,AU,1575059703,88,-28.65,153.62,77.0,4.12
219,flin flon,90,CA,1575059837,92,54.77,-101.88,14.0,3.36
220,maragogi,0,BR,1575059837,77,-9.01,-35.22,79.32,16.08
221,eureka,1,US,1575059748,57,40.8,-124.16,51.01,3.71
222,masallatah,49,LY,1575059837,76,32.62,14.0,60.67,5.46
223,yuzhnyy,100,RU,1575059837,96,53.54,39.45,34.81,16.98
224,flagstaff,90,US,1575059805,85,35.2,-111.65,45.0,17.22
225,biltine,34,TD,1575059837,14,14.53,20.93,72.97,12.64
226,yatou,20,CM,1575059837,83,3.63,9.81,84.2,2.15
227,henderson,75,US,1575059837,49,36.04,-114.98,48.99,17.22
228,sydney,75,AU,1575059549,88,-33.85,151.22,70.0,16.11
229,saint george,69,GR,1575059837,74,39.45,22.34,55.69,6.62
230,saint-junien,33,FR,1575059837,93,45.89,0.9,44.6,2.24
231,coahuayana,0,MX,1575059837,46,18.62,-100.35,88.95,2.59
232,vanimo,48,PG,1575059837,79,-2.67,141.3,82.08,7.96
233,gorontalo,100,ID,1575059838,91,0.54,123.06,74.39,3.09
234,cidreira,0,BR,1575059838,77,-30.17,-50.22,70.88,24.83
235,rio grande,0,BR,1575059838,51,-32.03,-52.1,84.2,18.34
236,omboue,100,GA,1575059838,94,-1.57,9.26,75.79,3.2
237,santa isabel do rio negro,47,BR,1575059838,57,-0.41,-65.02,90.46,2.1
238,mazamari,100,PE,1575059838,66,-11.33,-74.53,74.82,3.58
239,inuvik,90,CA,1575059838,92,68.36,-133.71,21.2,6.87
240,cooma,90,AU,1575059838,81,-36.24,149.13,53.6,16.11
241,watsa,42,CD,1575059838,92,3.04,29.53,66.11,1.34
242,gravdal,40,NO,1575059838,93,59.79,5.78,37.99,8.05
243,tchibanga,100,GA,1575059838,93,-2.92,11.0,74.25,1.07
244,etchojoa,90,MX,1575059838,60,26.91,-109.62,78.01,11.41
245,saryagash,0,KZ,1575059838,86,41.45,69.17,28.4,5.93
246,lyuban,99,BY,1575059838,96,52.8,28.0,39.99,9.08
247,am timan,15,TD,1575059838,21,11.04,20.28,75.36,4.61
248,makakilo city,20,US,1575059838,54,21.35,-158.09,84.2,8.05
249,manadhoo,100,MV,1575059838,85,5.77,73.38,77.43,3.27
250,piacabucu,0,BR,1575059839,77,-10.41,-36.43,77.58,13.47
251,mae hong son,0,MM,1575059839,87,19.3,97.96,60.48,2.55
252,vilyuysk,100,RU,1575059839,92,63.75,121.63,3.76,10.2
253,puri,100,ID,1575059839,80,-7.54,112.45,77.67,1.9
254,georgetown,40,GY,1575059839,83,6.8,-58.16,84.2,2.24
255,paamiut,100,GL,1575059839,48,61.99,-49.67,30.78,8.81
256,sawtell,98,AU,1575059839,65,-30.38,153.1,78.8,14.99
257,cabinda,20,AO,1575059839,78,-5.56,12.19,82.4,9.17
258,yueyang,99,CN,1575059839,79,29.36,113.12,45.05,10.13
259,sitka,100,US,1575059839,92,37.17,-99.65,41.0,13.0
260,talnakh,56,RU,1575059839,66,69.49,88.39,-29.2,6.71
261,rawson,86,AR,1575059839,37,-43.3,-65.11,63.14,28.77
262,sarany,0,RU,1575059839,84,58.55,58.76,16.12,9.66
263,emerald,2,AU,1575059839,78,-23.53,148.16,71.6,5.82
264,maraa,90,BR,1575059840,72,-1.83,-65.37,85.05,0.94
265,fort nelson,75,CA,1575059840,84,58.81,-122.69,6.8,2.24
266,yozgat,100,TR,1575059840,75,39.82,34.81,47.64,17.87
267,egvekinot,100,RU,1575059840,90,66.32,-179.17,6.39,6.17
268,greensburg,1,US,1575059840,46,30.83,-90.67,80.01,5.82
269,kavieng,97,PG,1575059840,75,-2.57,150.8,82.74,8.75
270,abha,54,SA,1575059840,29,18.22,42.5,60.8,1.57
271,ukiah,1,US,1575059840,70,39.15,-123.21,52.0,4.7
272,biryusinsk,100,RU,1575059840,89,55.96,97.82,10.44,11.21
273,ulladulla,90,AU,1575059840,77,-35.36,150.48,64.99,13.87
274,tortoli,5,IT,1575059900,51,39.93,9.66,60.8,8.05
275,kavaratti,76,IN,1575059900,71,10.57,72.64,83.25,4.05
276,chifeng,100,CN,1575059746,70,42.27,118.96,23.22,12.17
277,verkhnetulomskiy,75,RU,1575059901,92,68.61,31.8,24.8,2.24
278,fernie,40,CA,1575059901,56,49.5,-115.06,17.6,5.82
279,ilam,40,IR,1575059790,87,33.64,46.42,44.6,2.24
280,artesia,90,US,1575059901,100,32.84,-104.4,48.99,18.34
281,tokonou,34,GN,1575059901,47,9.65,-9.78,75.52,2.66
282,tarko-sale,100,RU,1575059901,85,64.92,77.78,-11.11,11.83
283,comodoro rivadavia,40,AR,1575059901,36,-45.87,-67.48,64.4,17.22
284,northam,0,AU,1575059901,50,-31.65,116.67,57.2,16.11
285,dudinka,85,RU,1575059901,66,69.41,86.18,-29.2,6.71
286,dunedin,0,NZ,1575059901,74,-45.87,170.5,59.0,20.0
287,banjar,0,ID,1575059902,92,-7.37,108.54,73.72,1.81
288,otuzco,100,PE,1575059902,73,-7.9,-78.57,71.6,10.29
289,parangan,100,PH,1575059902,79,5.08,119.94,81.59,6.46
290,tokur,100,RU,1575059902,99,53.13,132.9,-17.7,1.83
291,beyneu,92,KZ,1575059902,63,45.32,55.19,35.4,14.9
292,harbour breton,100,CA,1575059902,88,47.48,-55.8,37.85,27.81
293,sioux lookout,75,CA,1575059902,85,50.1,-91.92,24.8,3.36
294,geraldton,75,CA,1575059902,92,49.72,-86.95,15.8,5.82
295,kahului,40,US,1575059615,57,20.89,-156.47,80.6,17.22
296,limulunga,91,ZM,1575059902,76,-15.13,23.15,72.25,5.14
297,santiago del estero,0,AR,1575059902,27,-27.8,-64.26,99.09,7.87
298,sechura,31,PE,1575059902,88,-5.56,-80.82,68.77,23.11
299,hami,0,CN,1575059902,46,42.84,93.51,17.71,1.21
300,maningrida,78,AU,1575059903,81,-12.05,134.23,79.95,3.33
301,la paz,40,MX,1575059903,44,24.15,-110.32,79.0,10.29
302,mayor pablo lagerenza,0,PY,1575059903,31,-19.93,-60.77,99.19,11.21
303,carlsbad,75,CZ,1575059903,86,50.23,12.87,37.4,10.29
304,la romana,75,DO,1575059903,74,18.43,-68.97,82.4,10.29
305,vostok,21,RU,1575059903,97,46.45,135.83,-3.55,5.19
306,abapo,1,BO,1575059903,42,-18.83,-63.47,90.46,12.12
307,tiksi,100,RU,1575059903,88,71.64,128.87,-6.63,9.4
308,homer,90,US,1575059903,87,59.64,-151.54,42.8,10.22
309,nizwa,0,OM,1575059903,46,22.93,57.53,62.1,3.13
310,stokmarknes,40,NO,1575059903,54,68.56,14.91,30.2,16.11
311,beringovskiy,100,RU,1575059903,80,63.05,179.32,28.54,9.4
312,tessalit,0,ML,1575059903,12,20.2,1.01,71.83,10.22
313,inverell,65,AU,1575059904,54,-29.78,151.11,78.01,7.09
314,butembo,83,CD,1575059904,91,0.12,29.29,61.0,3.38
315,quelimane,20,MZ,1575059904,78,-17.88,36.89,78.8,4.7
316,atambua,99,ID,1575059904,78,-9.11,124.89,74.88,2.44
317,oranjemund,0,ZA,1575059904,93,-28.55,16.43,59.36,7.7
318,shache,0,CN,1575059904,74,38.42,77.24,23.16,1.99
319,luderitz,0,NA,1575059904,77,-26.65,15.16,64.4,16.11
320,baykit,92,RU,1575059904,94,61.68,96.39,-11.92,6.11
321,constantine,0,DZ,1575059904,93,36.36,6.61,48.2,2.55
322,daru,85,PG,1575059904,87,-9.07,143.21,77.79,5.14
323,nouakchott,0,MR,1575059925,82,18.08,-15.98,68.0,11.41
324,tasiilaq,75,GL,1575059965,79,65.61,-37.64,21.2,4.7
325,bull savanna,0,JM,1575059966,57,17.89,-77.59,77.68,2.57
326,conceicao da barra,100,BR,1575059966,86,-18.59,-39.73,79.66,10.98
327,moosomin,100,CA,1575059966,94,50.14,-101.67,20.14,7.34
328,vallenar,0,CL,1575059966,51,-28.58,-70.76,69.75,10.47
329,sidi ali,0,DZ,1575059966,83,36.1,0.42,56.03,2.19
330,antanifotsy,29,MG,1575059966,95,-19.66,47.32,60.12,4.12
331,salalah,40,OM,1575059966,34,17.01,54.1,78.8,6.93
332,darovskoy,68,RU,1575059966,86,58.77,47.96,25.09,12.21
333,barentu,0,ER,1575059966,64,15.11,37.59,71.42,5.73
334,mayskiy,90,RU,1575059966,93,43.63,44.06,42.8,1.43
335,ahome,90,MX,1575059966,53,25.92,-109.18,78.01,6.93
336,pacifica,75,US,1575059966,76,37.61,-122.49,55.0,8.05
337,agar,0,IN,1575059967,68,23.71,76.02,66.18,6.82
338,taganak,75,PH,1575059967,88,6.08,118.3,80.6,5.82
339,sainte-martine,40,CA,1575059967,68,45.25,-73.8,28.4,8.05
340,barinitas,100,VE,1575059967,94,8.76,-70.41,59.02,1.23
341,sao miguel do araguaia,7,BR,1575059967,70,-13.28,-50.16,83.57,11.48
342,batsfjord,40,NO,1575059967,85,70.63,29.72,32.0,18.34
343,san andres,35,PH,1575059967,81,13.32,122.68,73.54,9.26
344,goderich,96,CA,1575059967,82,43.74,-81.71,33.01,4.0
345,ponta delgada,20,PT,1575059967,77,37.73,-25.67,60.8,3.36
346,shenjiamen,52,CN,1575059967,70,29.96,122.3,60.51,16.11
347,raudeberg,75,NO,1575059967,74,61.99,5.14,37.4,12.75
348,tuatapere,21,NZ,1575059967,36,-46.13,167.69,61.25,1.7
349,kosonsoy,0,UZ,1575059967,79,41.25,71.55,28.4,4.7
350,khatanga,100,RU,1575059967,96,71.98,102.47,-21.3,9.57
351,along,5,IN,1575059968,94,28.17,94.8,51.22,4.83
352,bambous virieux,75,MU,1575059968,94,-20.34,57.76,77.0,5.37
353,loukhi,100,RU,1575059968,95,66.08,33.04,24.94,6.33
354,hambantota,100,LK,1575059968,81,6.12,81.12,79.61,8.01
355,brae,92,GB,1575059968,93,60.4,-1.35,37.4,5.82
356,tongren,100,CN,1575059968,88,27.72,109.18,38.77,4.03
357,constitucion,20,MX,1575059968,22,23.99,-104.67,77.0,16.11
358,pangody,100,RU,1575059968,76,65.85,74.49,-3.86,18.59
359,khandyga,100,RU,1575059968,97,62.65,135.58,-27.49,1.66
360,cabedelo,40,BR,1575059968,69,-6.97,-34.84,82.4,10.29
361,lagoa,40,PT,1575059968,100,37.14,-8.45,57.99,2.24
362,sinnamary,36,GF,1575059968,82,5.38,-52.96,82.0,14.7
363,acapulco,90,MX,1575059866,70,16.86,-99.88,87.8,9.17
364,staryy nadym,100,RU,1575059968,95,65.61,72.68,1.17,23.73
365,ust-kulom,100,RU,1575059968,87,61.69,53.69,25.12,12.33
366,katherine,65,AU,1575059969,69,-14.47,132.26,80.6,4.21
367,termoli,0,IT,1575059969,82,42.0,14.99,53.01,1.01
368,cairns,90,AU,1575059877,83,-16.92,145.77,75.99,5.82
369,vredendal,0,ZA,1575059969,86,-31.68,18.49,61.07,9.82
370,aripuana,48,BR,1575059969,60,-9.17,-60.63,85.77,2.21
371,manokwari,100,ID,1575059969,75,-0.87,134.08,74.95,4.61
372,mackay,90,CA,1575059969,85,53.65,-115.58,14.0,6.93
373,tommot,64,RU,1575059969,90,58.97,126.27,-3.03,1.86
374,tazmalt,20,DZ,1575059970,87,36.39,4.4,53.6,4.7
375,tumkur,40,IN,1575059971,100,13.34,77.1,68.0,4.7
376,ko samui,100,TH,1575060031,75,9.54,99.94,83.05,14.5
377,lotoshino,100,RU,1575060031,96,56.23,35.64,36.21,12.77
378,moerai,100,PF,1575060031,87,-22.43,-151.33,76.33,9.69
379,bartica,75,GY,1575060031,88,6.41,-58.62,78.8,6.93
380,snyder,90,US,1575060031,100,32.72,-100.92,59.0,5.82
381,skjervoy,75,NO,1575060031,100,70.03,20.97,33.8,34.45
382,vila,90,IT,1575060031,100,45.18,8.4,46.99,4.7
383,veraval,75,FR,1575060031,93,49.65,0.71,44.01,2.24
384,dawson creek,1,CA,1575060031,71,55.76,-120.23,10.4,4.7
385,marrakesh,40,MA,1575060032,34,31.63,-7.99,66.2,2.24
386,sao joao da barra,75,BR,1575060032,73,-21.64,-41.05,75.2,16.11
387,riyadh,0,SA,1575060032,56,24.63,46.72,68.0,5.35
388,marsa matruh,72,EG,1575060004,67,31.35,27.25,57.2,7.36
389,inirida,100,CO,1575060032,86,3.87,-67.92,82.54,2.13
390,lubana,80,CD,1575060032,96,0.23,29.1,61.54,3.11
391,odlabari,0,IN,1575060033,76,26.83,88.62,52.63,8.05
392,cianjur,15,ID,1575060033,95,-6.82,107.14,68.86,1.74
393,tabuk,97,PH,1575060033,87,17.41,121.44,65.75,4.54
394,la rochelle,100,FR,1575060034,87,46.16,-1.15,48.2,3.36
395,qorveh,67,IR,1575060034,84,35.17,47.8,35.83,6.42
396,fortuna foothills,0,US,1575060034,47,32.66,-114.41,61.0,6.93
397,lasa,40,CY,1575060034,68,34.92,32.53,69.8,2.24
398,kytmanovo,100,RU,1575060034,95,53.46,85.45,11.44,6.67
399,santana do mundau,0,BR,1575060035,69,-9.17,-36.22,80.6,14.99
400,betare oya,100,CM,1575060035,50,5.6,14.08,79.95,2.86
401,petropavlovsk-kamchatskiy,40,RU,1575060035,72,53.05,158.65,15.8,4.47
402,kirakira,35,SB,1575060035,79,-10.46,161.92,80.26,2.75
403,tynda,36,RU,1575060035,92,55.15,124.74,-14.96,1.23
404,newport,0,GB,1575060035,93,51.59,-3.0,43.0,10.29
405,sale,100,AU,1575060003,92,-38.11,147.06,52.0,4.0
406,venado tuerto,16,AR,1575060035,49,-33.75,-61.97,84.0,10.0
407,jinka,0,ET,1575060035,90,5.79,36.57,64.26,4.65
408,itarema,0,BR,1575060036,73,-2.92,-39.92,79.57,11.97
409,neepawa,90,CA,1575060036,92,50.23,-99.46,23.0,9.17
410,eenhana,72,NA,1575060036,55,-17.48,16.34,76.08,7.96
411,oranjestad,20,AW,1575060036,62,12.52,-70.03,87.8,12.75
412,ghanzi,99,BW,1575060036,40,-21.7,21.65,80.87,11.34
413,ust-koksa,100,RU,1575060036,91,50.27,85.62,4.73,5.01
414,kolosovka,92,RU,1575060036,92,56.47,73.61,9.09,6.73
415,yar-sale,100,RU,1575060036,95,66.83,70.83,1.98,20.6
416,dicabisagan,100,PH,1575060036,80,17.08,122.42,73.67,11.74
417,taucha,0,DE,1575060036,85,51.38,12.49,37.99,10.29
418,khobi,100,GE,1575060036,62,42.32,41.9,55.4,5.82
419,sao felix do xingu,43,BR,1575060036,68,-6.64,-51.99,84.11,0.27
420,maceio,2,BR,1575059963,69,-9.67,-35.74,80.6,14.99
421,teahupoo,40,PF,1575060036,62,-17.83,-149.27,87.8,16.11
422,khani,100,GE,1575060036,62,41.96,42.96,55.4,5.82
423,jining,97,CN,1575060036,53,35.41,116.58,40.24,2.86
424,leningradskiy,100,RU,1575060036,95,69.38,178.42,1.09,14.18
425,progreso,90,UY,1575060036,53,-34.68,-56.22,79.0,11.41
426,honiara,20,SB,1575059923,88,-9.43,159.96,78.8,1.03
427,vila velha,20,BR,1575060037,69,-3.71,-38.6,86.0,13.87
428,dubti,47,ET,1575060037,56,11.74,41.09,76.57,6.73
429,margherita,0,IN,1575060037,95,27.29,95.67,58.95,0.76
430,bradu,40,RO,1575060037,100,45.72,24.33,41.0,3.36
431,mount isa,14,AU,1575060037,78,-20.73,139.49,75.2,1.9
432,saint-augustin,40,CA,1575060097,63,45.63,-73.98,28.4,10.29
433,vorukh,0,KG,1575060097,53,39.85,70.57,24.22,0.36
434,lata,0,IN,1575060097,37,30.78,78.62,13.64,6.46
435,kuryk,94,KZ,1575060097,69,43.18,51.68,51.85,19.28
436,palora,75,EC,1575060097,69,-1.7,-77.97,78.8,4.7
437,krivosheino,91,RU,1575060097,96,57.34,83.93,6.69,5.23
438,amapa,75,HN,1575060097,70,15.09,-87.97,84.2,8.05
439,pali,0,IN,1575060097,55,25.77,73.33,63.68,9.53
440,aldan,100,RU,1575060097,71,58.61,125.39,4.24,5.55
441,tambacounda,0,SN,1575060097,19,13.77,-13.67,91.4,6.93
442,matamoros,90,US,1575060097,78,25.87,-97.51,82.4,23.04
443,aleksandro-nevskiy,100,RU,1575060098,95,53.48,40.21,35.49,16.51
444,basco,90,US,1575060098,86,40.33,-91.2,39.99,9.17
445,zalantun,100,CN,1575060098,65,48.0,122.72,6.03,2.57
446,palana,100,RU,1575060098,93,59.08,159.95,11.75,10.76
447,vostochnyy,90,RU,1575060098,93,55.82,37.87,36.0,15.66
448,tungor,88,RU,1575060098,84,53.39,142.95,17.31,16.4
449,teguise,50,ES,1575060098,77,29.06,-13.56,69.8,10.29
450,santa vitoria,90,BR,1575060098,77,-7.82,-67.03,79.88,2.21
451,boa vista,75,BR,1575059968,44,2.82,-60.67,93.2,5.82
452,namatanai,97,PG,1575060098,77,-3.66,152.44,80.74,7.83
453,coquimbo,4,CL,1575060098,59,-29.95,-71.34,80.01,16.11
454,port lincoln,9,AU,1575060098,74,-34.72,135.86,55.04,11.83
455,cherat,5,PK,1575060098,66,33.82,71.89,50.0,4.7
456,anadyr,90,RU,1575060099,92,64.73,177.51,28.4,49.21
457,shakhovskaya,100,RU,1575060099,96,56.03,35.51,36.21,12.77
458,mindelo,75,PT,1575060099,93,41.31,-8.72,60.8,12.75
459,camrose,90,CA,1575060099,78,53.01,-112.84,16.0,10.29
460,ketchikan,1,US,1575060099,74,55.34,-131.65,37.4,5.82
461,voskresenskoye,100,RU,1575060099,90,56.84,45.43,29.66,11.63
462,itaituba,100,BR,1575060099,59,-4.26,-55.99,87.39,2.66
463,siuna,91,NI,1575060099,54,13.73,-84.78,85.71,6.78
464,san quintin,100,PH,1575060099,79,17.54,120.52,66.15,7.07
465,nanortalik,100,GL,1575060099,71,60.14,-45.24,37.4,5.84
466,ganzhou,0,CN,1575060100,75,25.86,114.93,42.87,2.68
467,pangoa,78,PE,1575060100,94,-12.12,-73.0,80.38,1.88
468,borogontsy,100,RU,1575060100,98,62.67,131.17,-21.96,4.97
469,porto torres,0,IT,1575060100,77,40.84,8.4,59.0,5.82
470,bandarbeyla,100,SO,1575060100,76,9.49,50.81,80.01,25.46
471,bandar,0,BD,1575060100,95,22.29,91.78,64.36,2.1
472,faya,0,SA,1575060100,31,18.39,42.45,60.8,8.05
473,olenegorsk,100,RU,1575060101,96,68.14,33.28,25.3,6.42
474,nerchinskiy zavod,100,RU,1575060101,97,51.31,119.61,-5.28,0.22
475,san rafael,0,AR,1575060101,14,-34.61,-68.33,85.64,12.95
476,kinshasa,40,CD,1575060092,83,-4.32,15.31,80.6,9.17
477,aras,72,ES,1575060101,93,42.56,-2.36,46.4,1.83
478,saint-pierre,2,FR,1575060101,86,48.95,4.24,41.0,4.7
479,pangnirtung,90,CA,1575060101,85,66.15,-65.72,15.8,3.36
480,keskin,100,TR,1575060101,88,39.67,33.62,48.99,3.0
481,san pedro,100,AR,1575060101,35,-33.68,-59.66,90.03,1.25
482,ust-omchug,99,RU,1575060101,93,61.13,149.63,-28.55,9.53
483,roma,40,IT,1575060101,82,41.89,12.48,61.0,8.05
484,ecoporanga,86,BR,1575060101,97,-18.37,-40.83,71.83,4.52
485,tautira,40,PF,1575060101,62,-17.73,-149.15,87.8,16.11
486,baghdad,0,IQ,1575059962,82,33.3,44.38,59.0,2.24
487,gamba,51,CN,1575060101,65,28.28,88.52,16.41,5.01
488,gazanjyk,59,TM,1575060162,59,39.24,55.52,46.24,3.18
489,minna,22,NG,1575060162,25,9.62,6.55,84.2,14.99
490,nampula,75,MZ,1575060162,94,-15.12,39.26,75.2,2.57
491,aksha,96,RU,1575060162,85,50.28,113.29,1.74,5.41
492,henties bay,1,NA,1575060162,85,-22.12,14.28,64.0,7.0
493,santa luzia,75,BR,1575060045,78,-19.77,-43.85,75.2,8.05
494,swan river,100,CA,1575060162,94,52.11,-101.27,18.03,5.99
495,namibe,86,AO,1575060162,84,-15.19,12.15,73.51,11.07
496,auki,0,NG,1575060162,18,12.18,6.51,77.16,7.87
497,yerbogachen,100,RU,1575060162,92,61.28,108.01,3.07,10.96
498,alice springs,64,AU,1575060162,26,-23.7,133.88,80.6,13.87
499,gueret,21,FR,1575060162,93,46.17,1.87,43.0,2.24
500,lompoc,90,US,1575060162,66,34.64,-120.46,57.0,12.77
501,mitu,47,IR,1575060162,96,36.2,46.09,36.05,7.02
502,billerbeck,20,DE,1575060162,86,51.98,7.29,43.0,4.7
503,kunyang,100,CN,1575060162,79,27.66,120.56,52.75,4.92
504,belaya gora,1,RU,1575060162,80,68.54,146.19,-19.62,3.94
505,bonthe,1,SL,1575060163,80,7.53,-12.5,80.91,6.82
506,fortuna,1,US,1575060037,81,40.6,-124.16,51.01,5.82
507,tigil,100,RU,1575060163,90,57.8,158.67,14.27,6.55
508,tonk,0,IN,1575060163,72,26.16,75.79,65.55,8.12
509,narsaq,75,GL,1575060163,49,60.91,-46.05,24.8,4.7
510,praia,92,BR,1575060163,94,-20.25,-43.81,68.36,6.87
511,nisia floresta,40,BR,1575060163,65,-6.09,-35.21,82.4,14.99
512,matara,100,BI,1575060163,90,-3.48,29.48,58.66,2.71
513,kijabe,75,KE,1575060163,100,-0.95,36.6,66.2,5.01
514,zhigansk,100,RU,1575060163,96,66.77,123.37,-8.63,19.86
515,ternate,20,PH,1575060163,69,14.29,120.72,77.0,4.7
516,pasighat,0,IN,1575060163,84,28.06,95.33,59.0,1.36
517,megion,75,RU,1575060163,77,61.04,76.11,-0.4,11.18
518,dauphin,90,CA,1575060163,92,51.15,-100.04,23.0,8.05
519,dhidhdhoo,100,MV,1575060163,82,6.88,73.1,80.46,7.14
520,sungaipenuh,75,ID,1575060163,98,-2.08,101.38,62.44,2.46
521,petatlan,40,MX,1575060163,63,17.52,-101.27,93.2,6.93
522,karlskoga,0,SE,1575060164,74,59.33,14.52,32.0,8.05
523,tevaitoa,100,PF,1575060164,78,-16.78,-151.5,81.55,12.62
524,husavik,96,CA,1575060164,87,50.56,-96.99,27.0,5.01
525,nantucket,1,US,1575060164,60,41.28,-70.1,41.0,13.87
526,moberly,90,US,1575060164,93,39.42,-92.44,41.0,6.93
527,whitecourt,90,CA,1575060164,85,54.14,-115.68,14.0,6.93
528,galeana,96,MX,1575060164,35,24.83,-100.08,80.01,5.01
529,fairbanks,90,US,1575060005,92,64.84,-147.72,26.6,3.11
530,kaele,64,CM,1575060164,21,10.11,14.45,81.68,6.06
531,tolga,0,DZ,1575060164,59,34.73,5.38,62.6,10.29
532,andros,30,GR,1575060164,72,37.83,24.93,66.99,5.82
533,ancud,90,CL,1575060164,87,-41.87,-73.83,51.8,8.05
534,coffs harbour,98,AU,1575060144,65,-30.3,153.13,78.8,14.99
535,kilindoni,94,TZ,1575060164,77,-7.91,39.67,81.99,10.94
536,srednekolymsk,57,RU,1575060164,100,67.46,153.71,-29.47,2.08
537,dingle,99,PH,1575060164,92,11.0,122.67,72.55,13.15
538,zaterechnyy,100,RU,1575060165,96,44.8,45.21,44.69,8.81
539,yeppoon,40,AU,1575060165,83,-23.13,150.74,69.8,2.68
540,hauterive,1,CA,1575060165,57,49.18,-68.27,23.0,12.75
541,naryan-mar,100,RU,1575060165,97,67.67,53.09,29.68,11.7
542,nome,90,US,1575060165,83,30.04,-94.42,75.2,8.05
543,kem,37,UG,1575060225,56,2.68,33.77,75.29,2.33
544,gushikawa,75,JP,1575060225,52,26.35,127.87,68.0,12.75
545,logan,90,US,1575060225,86,41.73,-111.83,36.0,8.05
546,toca,98,CO,1575060225,93,5.57,-73.18,53.44,3.67
547,tashla,40,RU,1575060226,58,53.71,49.75,28.4,11.18
548,moratuwa,40,LK,1575060226,94,6.77,79.88,77.0,2.24
549,camacha,40,PT,1575060226,82,33.08,-16.33,66.2,5.84
550,thunder bay,75,CA,1575060042,85,48.41,-89.26,28.99,3.36
551,itoman,75,JP,1575060227,52,26.12,127.67,68.0,12.75
552,moron,59,HT,1575060227,71,18.56,-74.26,78.93,19.98
553,fare,100,PF,1575060227,78,-16.7,-151.02,81.7,11.36
554,rapid valley,90,US,1575060227,86,44.06,-103.15,33.8,12.75
555,sulangan,100,PH,1575060227,78,11.14,123.72,81.09,24.11
556,nichinan,0,JP,1575060227,75,31.65,131.31,44.01,5.99
557,serenje,63,ZM,1575060227,94,-13.23,30.22,64.09,3.96
558,novoomskiy,100,RU,1575060227,84,54.84,73.3,6.8,4.47
559,gadoros,20,HU,1575060227,100,46.67,20.6,46.99,4.7
560,oistins,20,BB,1575060227,58,13.07,-59.53,87.8,4.7
561,patzite,74,GT,1575060227,54,14.97,-91.22,69.01,5.99
